tenant_id,tenant_name,property_id
T0001,Tenant 1,P020
T0002,Tenant 2,P003
T0003,Tenant 3,P005
T0004,Tenant 4,P019
T0005,Tenant 5,P007
T0006,Tenant 6,P009
T0007,Tenant 7,P007
T0008,Tenant 8,P018
T0009,Tenant 9,P004
T0010,Tenant 10,P014
T0011,Tenant 11,P018
T0012,Tenant 12,P009
T0013,Tenant 13,P002
T0014,Tenant 14,P020
T0015,Tenant 15,P015
T0016,Tenant 16,P007
T0017,Tenant 17,P012
T0018,Tenant 18,P008
T0019,Tenant 19,P015
T0020,Tenant 20,P003
T0021,Tenant 21,P014
T0022,Tenant 22,P017
T0023,Tenant 23,P004
T0024,Tenant 24,P018
T0025,Tenant 25,P008
T0026,Tenant 26,P004
T0027,Tenant 27,P002
T0028,Tenant 28,P006
T0029,Tenant 29,P010
T0030,Tenant 30,P004
T0031,Tenant 31,P018
T0032,Tenant 32,P012
T0033,Tenant 33,P002
T0034,Tenant 34,P010
T0035,Tenant 35,P004
T0036,Tenant 36,P014
T0037,Tenant 37,P016
T0038,Tenant 38,P015
T0039,Tenant 39,P008
T0040,Tenant 40,P014
T0041,Tenant 41,P008
T0042,Tenant 42,P016
T0043,Tenant 43,P013
T0044,Tenant 44,P018
T0045,Tenant 45,P015
T0046,Tenant 46,P013
T0047,Tenant 47,P009
T0048,Tenant 48,P015
T0049,Tenant 49,P013
T0050,Tenant 50,P001
T0051,Tenant 51,P007
T0052,Tenant 52,P009
T0053,Tenant 53,P001
T0054,Tenant 54,P012
T0055,Tenant 55,P008
T0056,Tenant 56,P011
T0057,Tenant 57,P019
T0058,Tenant 58,P017
T0059,Tenant 59,P008
T0060,Tenant 60,P003
T0061,Tenant 61,P003
T0062,Tenant 62,P001
T0063,Tenant 63,P005
T0064,Tenant 64,P010
T0065,Tenant 65,P007
T0066,Tenant 66,P009
T0067,Tenant 67,P007
T0068,Tenant 68,P009
T0069,Tenant 69,P008
T0070,Tenant 70,P012
T0071,Tenant 71,P002
T0072,Tenant 72,P001
T0073,Tenant 73,P016
T0074,Tenant 74,P005
T0075,Tenant 75,P003
T0076,Tenant 76,P012
T0077,Tenant 77,P008
T0078,Tenant 78,P003
T0079,Tenant 79,P001
T0080,Tenant 80,P003
T0081,Tenant 81,P005
T0082,Tenant 82,P015
T0083,Tenant 83,P014
T0084,Tenant 84,P003
T0085,Tenant 85,P001
T0086,Tenant 86,P005
T0087,Tenant 87,P014
T0088,Tenant 88,P007
T0089,Tenant 89,P009
T0090,Tenant 90,P015
T0091,Tenant 91,P015
T0092,Tenant 92,P010
T0093,Tenant 93,P013
T0094,Tenant 94,P019
T0095,Tenant 95,P007
T0096,Tenant 96,P017
T0097,Tenant 97,P020
T0098,Tenant 98,P004
T0099,Tenant 99,P005
T0100,Tenant 100,P007
